tx_hash	network_id	type	status	correlation_id	flows
0xc4a56103ffc881bf5900b6e77e0a6b488b810c445f83a07a9e11ff8499635da7	ARBITRUM	LP_ENTRY_REQUEST	PENDING_PRICE	0x8215843b63fa3b878e093a3c777f2ab9c6d31a94dbe1527143f055cc6b77c106	TRANSFER:USDC:-8.000000 | TRANSFER:ETH:-0.000057065034000000 | FEE:ETH:-0.000008871080000000
